{
    "Строитель": {
        "min_age": 18,
        "avg_age": 38.303030303030305,
        "max_age": 58
    },
    "Архитектор": {
        "min_age": 18,
        "avg_age": 38.1875,
        "max_age": 64
    },
    "Психолог": {
        "min_age": 22,
        "avg_age": 44.97142857142857,
        "max_age": 63
    },
    "Менеджер": {
        "min_age": 18,
        "avg_age": 42.96774193548387,
        "max_age": 62
    },
    "Косметолог": {
        "min_age": 20,
        "avg_age": 43.0,
        "max_age": 65
    },
    "Врач": {
        "min_age": 18,
        "avg_age": 43.13513513513514,
        "max_age": 59
    },
    "Бухгалтер": {
        "min_age": 18,
        "avg_age": 41.97826086956522,
        "max_age": 64
    },
    "Повар": {
        "min_age": 18,
        "avg_age": 43.717948717948715,
        "max_age": 63
    },
    "Медсестра": {
        "min_age": 18,
        "avg_age": 40.476190476190474,
        "max_age": 65
    },
    "Инженер": {
        "min_age": 19,
        "avg_age": 39.54716981132076,
        "max_age": 64
    },
    "Программист": {
        "min_age": 18,
        "avg_age": 41.45238095238095,
        "max_age": 64
    },
    "Продавец": {
        "min_age": 19,
        "avg_age": 42.36585365853659,
        "max_age": 64
    },
    "Учитель": {
        "min_age": 18,
        "avg_age": 41.611111111111114,
        "max_age": 63
    },
    "Водитель": {
        "min_age": 18,
        "avg_age": 40.073170731707314,
        "max_age": 65
    },
    "IT-специалист": {
        "min_age": 18,
        "avg_age": 44.38095238095238,
        "max_age": 65
    },
    "Оператор call-центра": {
        "min_age": 18,
        "avg_age": 39.72093023255814,
        "max_age": 63
    }
}